{"cameraMode":{"drawMode":0,"name":"Shaded","section":"Shading Mode"},"sceneLighting":true,"audioPlay":false,"sceneViewState":{"m_AlwaysRefresh":false,"showFog":true,"showSkybox":false,"showFlares":true,"showImageEffects":true,"showParticleSystems":true,"showVisualEffectGraphs":true,"m_FxEnabled":true},"in2DMode":false,"pivot":{"x":-0.0007248520851135254,"y":0.33625876903533938,"z":-1.233020305633545},"rotation":{"x":0.001181232277303934,"y":-0.12656241655349732,"z":-0.00015030597569420934,"w":-0.9919575452804565},"size":5.333962440490723,"orthographic":false}