{"cameraMode":{"drawMode":0,"name":"Shaded","section":"Shading Mode"},"sceneLighting":true,"audioPlay":false,"sceneViewState":{"m_AlwaysRefresh":false,"showFog":true,"showSkybox":true,"showFlares":true,"showImageEffects":true,"showParticleSystems":true,"showVisualEffectGraphs":true,"m_FxEnabled":true},"in2DMode":false,"pivot":{"x":-5.435297012329102,"y":4.2539777755737309,"z":11.337447166442871},"rotation":{"x":-0.11136246472597122,"y":0.7031621336936951,"z":-0.11297731101512909,"w":-0.6931095719337463},"size":14.962211608886719,"orthographic":false}